Date,Day,Month,MonthName,Quarter,Year,Weekday,IsWeekend,Season,Holiday,DateRaw,IsHoliday
2025-01-01,1,1,January,Q1,2025,Wednesday,No,Winter,New Year's Day,2025-01-01,1
2025-01-02,2,1,January,Q1,2025,Thursday,No,Winter,None,2025-01-02,0
2025-01-03,3,1,January,Q1,2025,Friday,No,Winter,None,2025-01-03,0
2025-01-04,4,1,January,Q1,2025,Saturday,Yes,Winter,None,2025-01-04,0
2025-01-05,5,1,January,Q1,2025,Sunday,Yes,Winter,None,2025-01-05,0
2025-01-06,6,1,January,Q1,2025,Monday,No,Winter,None,2025-01-06,0
2025-01-07,7,1,January,Q1,2025,Tuesday,No,Winter,None,2025-01-07,0
2025-01-08,8,1,January,Q1,2025,Wednesday,No,Winter,None,2025-01-08,0
2025-01-09,9,1,January,Q1,2025,Thursday,No,Winter,None,2025-01-09,0
2025-01-10,10,1,January,Q1,2025,Friday,No,Winter,None,2025-01-10,0
2025-01-11,11,1,January,Q1,2025,Saturday,Yes,Winter,None,2025-01-11,0
2025-01-12,12,1,January,Q1,2025,Sunday,Yes,Winter,None,2025-01-12,0
2025-01-13,13,1,January,Q1,2025,Monday,No,Winter,None,2025-01-13,0
2025-01-14,14,1,January,Q1,2025,Tuesday,No,Winter,None,2025-01-14,0
2025-01-15,15,1,January,Q1,2025,Wednesday,No,Winter,None,2025-01-15,0
2025-01-16,16,1,January,Q1,2025,Thursday,No,Winter,None,2025-01-16,0
2025-01-17,17,1,January,Q1,2025,Friday,No,Winter,None,2025-01-17,0
2025-01-18,18,1,January,Q1,2025,Saturday,Yes,Winter,None,2025-01-18,0
2025-01-19,19,1,January,Q1,2025,Sunday,Yes,Winter,None,2025-01-19,0
2025-01-20,20,1,January,Q1,2025,Monday,No,Winter,None,2025-01-20,0
2025-01-21,21,1,January,Q1,2025,Tuesday,No,Winter,None,2025-01-21,0
2025-01-22,22,1,January,Q1,2025,Wednesday,No,Winter,None,2025-01-22,0
2025-01-23,23,1,January,Q1,2025,Thursday,No,Winter,None,2025-01-23,0
2025-01-24,24,1,January,Q1,2025,Friday,No,Winter,None,2025-01-24,0
2025-01-25,25,1,January,Q1,2025,Saturday,Yes,Winter,None,2025-01-25,0
2025-01-26,26,1,January,Q1,2025,Sunday,Yes,Winter,None,2025-01-26,0
2025-01-27,27,1,January,Q1,2025,Monday,No,Winter,None,2025-01-27,0
2025-01-28,28,1,January,Q1,2025,Tuesday,No,Winter,None,2025-01-28,0
2025-01-29,29,1,January,Q1,2025,Wednesday,No,Winter,None,2025-01-29,0
2025-01-30,30,1,January,Q1,2025,Thursday,No,Winter,None,2025-01-30,0
2025-01-31,31,1,January,Q1,2025,Friday,No,Winter,None,2025-01-31,0
2025-02-01,1,2,February,Q1,2025,Saturday,Yes,Winter,None,2025-02-01,0
2025-02-02,2,2,February,Q1,2025,Sunday,Yes,Winter,None,2025-02-02,0
2025-02-03,3,2,February,Q1,2025,Monday,No,Winter,None,2025-02-03,0
2025-02-04,4,2,February,Q1,2025,Tuesday,No,Winter,None,2025-02-04,0
2025-02-05,5,2,February,Q1,2025,Wednesday,No,Winter,None,2025-02-05,0
2025-02-06,6,2,February,Q1,2025,Thursday,No,Winter,None,2025-02-06,0
2025-02-07,7,2,February,Q1,2025,Friday,No,Winter,None,2025-02-07,0
2025-02-08,8,2,February,Q1,2025,Saturday,Yes,Winter,None,2025-02-08,0
2025-02-09,9,2,February,Q1,2025,Sunday,Yes,Winter,None,2025-02-09,0
2025-02-10,10,2,February,Q1,2025,Monday,No,Winter,None,2025-02-10,0
2025-02-11,11,2,February,Q1,2025,Tuesday,No,Winter,None,2025-02-11,0
2025-02-12,12,2,February,Q1,2025,Wednesday,No,Winter,None,2025-02-12,0
2025-02-13,13,2,February,Q1,2025,Thursday,No,Winter,None,2025-02-13,0
2025-02-14,14,2,February,Q1,2025,Friday,No,Winter,Valentine's Day,2025-02-14,1
2025-02-15,15,2,February,Q1,2025,Saturday,Yes,Winter,None,2025-02-15,0
2025-02-16,16,2,February,Q1,2025,Sunday,Yes,Winter,None,2025-02-16,0
2025-02-17,17,2,February,Q1,2025,Monday,No,Winter,None,2025-02-17,0
2025-02-18,18,2,February,Q1,2025,Tuesday,No,Winter,None,2025-02-18,0
2025-02-19,19,2,February,Q1,2025,Wednesday,No,Winter,None,2025-02-19,0
2025-02-20,20,2,February,Q1,2025,Thursday,No,Winter,None,2025-02-20,0
2025-02-21,21,2,February,Q1,2025,Friday,No,Winter,None,2025-02-21,0
2025-02-22,22,2,February,Q1,2025,Saturday,Yes,Winter,None,2025-02-22,0
2025-02-23,23,2,February,Q1,2025,Sunday,Yes,Winter,None,2025-02-23,0
2025-02-24,24,2,February,Q1,2025,Monday,No,Winter,None,2025-02-24,0
2025-02-25,25,2,February,Q1,2025,Tuesday,No,Winter,None,2025-02-25,0
2025-02-26,26,2,February,Q1,2025,Wednesday,No,Winter,None,2025-02-26,0
2025-02-27,27,2,February,Q1,2025,Thursday,No,Winter,None,2025-02-27,0
2025-02-28,28,2,February,Q1,2025,Friday,No,Winter,None,2025-02-28,0
2025-03-01,1,3,March,Q1,2025,Saturday,Yes,Spring,None,2025-03-01,0
2025-03-02,2,3,March,Q1,2025,Sunday,Yes,Spring,None,2025-03-02,0
2025-03-03,3,3,March,Q1,2025,Monday,No,Spring,None,2025-03-03,0
2025-03-04,4,3,March,Q1,2025,Tuesday,No,Spring,None,2025-03-04,0
2025-03-05,5,3,March,Q1,2025,Wednesday,No,Spring,None,2025-03-05,0
2025-03-06,6,3,March,Q1,2025,Thursday,No,Spring,None,2025-03-06,0
2025-03-07,7,3,March,Q1,2025,Friday,No,Spring,None,2025-03-07,0
2025-03-08,8,3,March,Q1,2025,Saturday,Yes,Spring,None,2025-03-08,0
2025-03-09,9,3,March,Q1,2025,Sunday,Yes,Spring,None,2025-03-09,0
2025-03-10,10,3,March,Q1,2025,Monday,No,Spring,None,2025-03-10,0
2025-03-11,11,3,March,Q1,2025,Tuesday,No,Spring,None,2025-03-11,0
2025-03-12,12,3,March,Q1,2025,Wednesday,No,Spring,None,2025-03-12,0
2025-03-13,13,3,March,Q1,2025,Thursday,No,Spring,None,2025-03-13,0
2025-03-14,14,3,March,Q1,2025,Friday,No,Spring,None,2025-03-14,0
2025-03-15,15,3,March,Q1,2025,Saturday,Yes,Spring,None,2025-03-15,0
2025-03-16,16,3,March,Q1,2025,Sunday,Yes,Spring,None,2025-03-16,0
2025-03-17,17,3,March,Q1,2025,Monday,No,Spring,None,2025-03-17,0
2025-03-18,18,3,March,Q1,2025,Tuesday,No,Spring,None,2025-03-18,0
2025-03-19,19,3,March,Q1,2025,Wednesday,No,Spring,None,2025-03-19,0
2025-03-20,20,3,March,Q1,2025,Thursday,No,Spring,None,2025-03-20,0
2025-03-21,21,3,March,Q1,2025,Friday,No,Spring,None,2025-03-21,0
2025-03-22,22,3,March,Q1,2025,Saturday,Yes,Spring,None,2025-03-22,0
2025-03-23,23,3,March,Q1,2025,Sunday,Yes,Spring,None,2025-03-23,0
2025-03-24,24,3,March,Q1,2025,Monday,No,Spring,None,2025-03-24,0
2025-03-25,25,3,March,Q1,2025,Tuesday,No,Spring,None,2025-03-25,0
2025-03-26,26,3,March,Q1,2025,Wednesday,No,Spring,None,2025-03-26,0
2025-03-27,27,3,March,Q1,2025,Thursday,No,Spring,None,2025-03-27,0
2025-03-28,28,3,March,Q1,2025,Friday,No,Spring,None,2025-03-28,0
2025-03-29,29,3,March,Q1,2025,Saturday,Yes,Spring,None,2025-03-29,0
2025-03-30,30,3,March,Q1,2025,Sunday,Yes,Spring,None,2025-03-30,0
2025-03-31,31,3,March,Q1,2025,Monday,No,Spring,None,2025-03-31,0
2025-04-01,1,4,April,Q2,2025,Tuesday,No,Spring,None,2025-04-01,0
2025-04-02,2,4,April,Q2,2025,Wednesday,No,Spring,None,2025-04-02,0
2025-04-03,3,4,April,Q2,2025,Thursday,No,Spring,None,2025-04-03,0
2025-04-04,4,4,April,Q2,2025,Friday,No,Spring,None,2025-04-04,0
2025-04-05,5,4,April,Q2,2025,Saturday,Yes,Spring,None,2025-04-05,0
2025-04-06,6,4,April,Q2,2025,Sunday,Yes,Spring,None,2025-04-06,0
2025-04-07,7,4,April,Q2,2025,Monday,No,Spring,None,2025-04-07,0
2025-04-08,8,4,April,Q2,2025,Tuesday,No,Spring,None,2025-04-08,0
2025-04-09,9,4,April,Q2,2025,Wednesday,No,Spring,None,2025-04-09,0
2025-04-10,10,4,April,Q2,2025,Thursday,No,Spring,None,2025-04-10,0
2025-04-11,11,4,April,Q2,2025,Friday,No,Spring,None,2025-04-11,0
2025-04-12,12,4,April,Q2,2025,Saturday,Yes,Spring,None,2025-04-12,0
2025-04-13,13,4,April,Q2,2025,Sunday,Yes,Spring,None,2025-04-13,0
2025-04-14,14,4,April,Q2,2025,Monday,No,Spring,None,2025-04-14,0
2025-04-15,15,4,April,Q2,2025,Tuesday,No,Spring,None,2025-04-15,0
2025-04-16,16,4,April,Q2,2025,Wednesday,No,Spring,None,2025-04-16,0
2025-04-17,17,4,April,Q2,2025,Thursday,No,Spring,None,2025-04-17,0
2025-04-18,18,4,April,Q2,2025,Friday,No,Spring,None,2025-04-18,0
2025-04-19,19,4,April,Q2,2025,Saturday,Yes,Spring,None,2025-04-19,0
2025-04-20,20,4,April,Q2,2025,Sunday,Yes,Spring,None,2025-04-20,0
2025-04-21,21,4,April,Q2,2025,Monday,No,Spring,None,2025-04-21,0
2025-04-22,22,4,April,Q2,2025,Tuesday,No,Spring,None,2025-04-22,0
2025-04-23,23,4,April,Q2,2025,Wednesday,No,Spring,None,2025-04-23,0
2025-04-24,24,4,April,Q2,2025,Thursday,No,Spring,None,2025-04-24,0
2025-04-25,25,4,April,Q2,2025,Friday,No,Spring,None,2025-04-25,0
2025-04-26,26,4,April,Q2,2025,Saturday,Yes,Spring,None,2025-04-26,0
2025-04-27,27,4,April,Q2,2025,Sunday,Yes,Spring,None,2025-04-27,0
2025-04-28,28,4,April,Q2,2025,Monday,No,Spring,None,2025-04-28,0
2025-04-29,29,4,April,Q2,2025,Tuesday,No,Spring,None,2025-04-29,0
2025-04-30,30,4,April,Q2,2025,Wednesday,No,Spring,None,2025-04-30,0
2025-05-01,1,5,May,Q2,2025,Thursday,No,Spring,None,2025-05-01,0
2025-05-02,2,5,May,Q2,2025,Friday,No,Spring,None,2025-05-02,0
2025-05-03,3,5,May,Q2,2025,Saturday,Yes,Spring,None,2025-05-03,0
2025-05-04,4,5,May,Q2,2025,Sunday,Yes,Spring,None,2025-05-04,0
2025-05-05,5,5,May,Q2,2025,Monday,No,Spring,None,2025-05-05,0
2025-05-06,6,5,May,Q2,2025,Tuesday,No,Spring,None,2025-05-06,0
2025-05-07,7,5,May,Q2,2025,Wednesday,No,Spring,None,2025-05-07,0
2025-05-08,8,5,May,Q2,2025,Thursday,No,Spring,None,2025-05-08,0
2025-05-09,9,5,May,Q2,2025,Friday,No,Spring,None,2025-05-09,0
2025-05-10,10,5,May,Q2,2025,Saturday,Yes,Spring,None,2025-05-10,0
2025-05-11,11,5,May,Q2,2025,Sunday,Yes,Spring,None,2025-05-11,0
2025-05-12,12,5,May,Q2,2025,Monday,No,Spring,None,2025-05-12,0
2025-05-13,13,5,May,Q2,2025,Tuesday,No,Spring,None,2025-05-13,0
2025-05-14,14,5,May,Q2,2025,Wednesday,No,Spring,None,2025-05-14,0
2025-05-15,15,5,May,Q2,2025,Thursday,No,Spring,None,2025-05-15,0
2025-05-16,16,5,May,Q2,2025,Friday,No,Spring,None,2025-05-16,0
2025-05-17,17,5,May,Q2,2025,Saturday,Yes,Spring,None,2025-05-17,0
2025-05-18,18,5,May,Q2,2025,Sunday,Yes,Spring,None,2025-05-18,0
2025-05-19,19,5,May,Q2,2025,Monday,No,Spring,None,2025-05-19,0
2025-05-20,20,5,May,Q2,2025,Tuesday,No,Spring,None,2025-05-20,0
2025-05-21,21,5,May,Q2,2025,Wednesday,No,Spring,None,2025-05-21,0
2025-05-22,22,5,May,Q2,2025,Thursday,No,Spring,None,2025-05-22,0
2025-05-23,23,5,May,Q2,2025,Friday,No,Spring,None,2025-05-23,0
2025-05-24,24,5,May,Q2,2025,Saturday,Yes,Spring,None,2025-05-24,0
2025-05-25,25,5,May,Q2,2025,Sunday,Yes,Spring,None,2025-05-25,0
2025-05-26,26,5,May,Q2,2025,Monday,No,Spring,None,2025-05-26,0
2025-05-27,27,5,May,Q2,2025,Tuesday,No,Spring,None,2025-05-27,0
2025-05-28,28,5,May,Q2,2025,Wednesday,No,Spring,None,2025-05-28,0
2025-05-29,29,5,May,Q2,2025,Thursday,No,Spring,None,2025-05-29,0
2025-05-30,30,5,May,Q2,2025,Friday,No,Spring,None,2025-05-30,0
2025-05-31,31,5,May,Q2,2025,Saturday,Yes,Spring,None,2025-05-31,0
2025-06-01,1,6,June,Q2,2025,Sunday,Yes,Summer,None,2025-06-01,0
2025-06-02,2,6,June,Q2,2025,Monday,No,Summer,None,2025-06-02,0
2025-06-03,3,6,June,Q2,2025,Tuesday,No,Summer,None,2025-06-03,0
2025-06-04,4,6,June,Q2,2025,Wednesday,No,Summer,None,2025-06-04,0
2025-06-05,5,6,June,Q2,2025,Thursday,No,Summer,None,2025-06-05,0
2025-06-06,6,6,June,Q2,2025,Friday,No,Summer,None,2025-06-06,0
2025-06-07,7,6,June,Q2,2025,Saturday,Yes,Summer,None,2025-06-07,0
2025-06-08,8,6,June,Q2,2025,Sunday,Yes,Summer,None,2025-06-08,0
2025-06-09,9,6,June,Q2,2025,Monday,No,Summer,None,2025-06-09,0
2025-06-10,10,6,June,Q2,2025,Tuesday,No,Summer,None,2025-06-10,0
2025-06-11,11,6,June,Q2,2025,Wednesday,No,Summer,None,2025-06-11,0
2025-06-12,12,6,June,Q2,2025,Thursday,No,Summer,None,2025-06-12,0
2025-06-13,13,6,June,Q2,2025,Friday,No,Summer,None,2025-06-13,0
2025-06-14,14,6,June,Q2,2025,Saturday,Yes,Summer,None,2025-06-14,0
2025-06-15,15,6,June,Q2,2025,Sunday,Yes,Summer,None,2025-06-15,0
2025-06-16,16,6,June,Q2,2025,Monday,No,Summer,None,2025-06-16,0
2025-06-17,17,6,June,Q2,2025,Tuesday,No,Summer,None,2025-06-17,0
2025-06-18,18,6,June,Q2,2025,Wednesday,No,Summer,None,2025-06-18,0
2025-06-19,19,6,June,Q2,2025,Thursday,No,Summer,None,2025-06-19,0
2025-06-20,20,6,June,Q2,2025,Friday,No,Summer,None,2025-06-20,0
2025-06-21,21,6,June,Q2,2025,Saturday,Yes,Summer,None,2025-06-21,0
2025-06-22,22,6,June,Q2,2025,Sunday,Yes,Summer,None,2025-06-22,0
2025-06-23,23,6,June,Q2,2025,Monday,No,Summer,None,2025-06-23,0
2025-06-24,24,6,June,Q2,2025,Tuesday,No,Summer,None,2025-06-24,0
2025-06-25,25,6,June,Q2,2025,Wednesday,No,Summer,None,2025-06-25,0
2025-06-26,26,6,June,Q2,2025,Thursday,No,Summer,None,2025-06-26,0
2025-06-27,27,6,June,Q2,2025,Friday,No,Summer,None,2025-06-27,0
2025-06-28,28,6,June,Q2,2025,Saturday,Yes,Summer,None,2025-06-28,0
2025-06-29,29,6,June,Q2,2025,Sunday,Yes,Summer,None,2025-06-29,0
2025-06-30,30,6,June,Q2,2025,Monday,No,Summer,None,2025-06-30,0
2025-07-01,1,7,July,Q3,2025,Tuesday,No,Summer,None,2025-07-01,0
2025-07-02,2,7,July,Q3,2025,Wednesday,No,Summer,None,2025-07-02,0
2025-07-03,3,7,July,Q3,2025,Thursday,No,Summer,None,2025-07-03,0
2025-07-04,4,7,July,Q3,2025,Friday,No,Summer,Independence Day,2025-07-04,1
2025-07-05,5,7,July,Q3,2025,Saturday,Yes,Summer,None,2025-07-05,0
2025-07-06,6,7,July,Q3,2025,Sunday,Yes,Summer,None,2025-07-06,0
2025-07-07,7,7,July,Q3,2025,Monday,No,Summer,None,2025-07-07,0
2025-07-08,8,7,July,Q3,2025,Tuesday,No,Summer,None,2025-07-08,0
2025-07-09,9,7,July,Q3,2025,Wednesday,No,Summer,None,2025-07-09,0
2025-07-10,10,7,July,Q3,2025,Thursday,No,Summer,None,2025-07-10,0
2025-07-11,11,7,July,Q3,2025,Friday,No,Summer,None,2025-07-11,0
2025-07-12,12,7,July,Q3,2025,Saturday,Yes,Summer,None,2025-07-12,0
2025-07-13,13,7,July,Q3,2025,Sunday,Yes,Summer,None,2025-07-13,0
2025-07-14,14,7,July,Q3,2025,Monday,No,Summer,None,2025-07-14,0
2025-07-15,15,7,July,Q3,2025,Tuesday,No,Summer,None,2025-07-15,0
2025-07-16,16,7,July,Q3,2025,Wednesday,No,Summer,None,2025-07-16,0
2025-07-17,17,7,July,Q3,2025,Thursday,No,Summer,None,2025-07-17,0
2025-07-18,18,7,July,Q3,2025,Friday,No,Summer,None,2025-07-18,0
2025-07-19,19,7,July,Q3,2025,Saturday,Yes,Summer,None,2025-07-19,0
2025-07-20,20,7,July,Q3,2025,Sunday,Yes,Summer,None,2025-07-20,0
2025-07-21,21,7,July,Q3,2025,Monday,No,Summer,None,2025-07-21,0
2025-07-22,22,7,July,Q3,2025,Tuesday,No,Summer,None,2025-07-22,0
2025-07-23,23,7,July,Q3,2025,Wednesday,No,Summer,None,2025-07-23,0
2025-07-24,24,7,July,Q3,2025,Thursday,No,Summer,None,2025-07-24,0
2025-07-25,25,7,July,Q3,2025,Friday,No,Summer,None,2025-07-25,0
2025-07-26,26,7,July,Q3,2025,Saturday,Yes,Summer,None,2025-07-26,0
2025-07-27,27,7,July,Q3,2025,Sunday,Yes,Summer,None,2025-07-27,0
2025-07-28,28,7,July,Q3,2025,Monday,No,Summer,None,2025-07-28,0
2025-07-29,29,7,July,Q3,2025,Tuesday,No,Summer,None,2025-07-29,0
2025-07-30,30,7,July,Q3,2025,Wednesday,No,Summer,None,2025-07-30,0
2025-07-31,31,7,July,Q3,2025,Thursday,No,Summer,None,2025-07-31,0
2025-08-01,1,8,August,Q3,2025,Friday,No,Summer,None,2025-08-01,0
2025-08-02,2,8,August,Q3,2025,Saturday,Yes,Summer,None,2025-08-02,0
2025-08-03,3,8,August,Q3,2025,Sunday,Yes,Summer,None,2025-08-03,0
2025-08-04,4,8,August,Q3,2025,Monday,No,Summer,None,2025-08-04,0
2025-08-05,5,8,August,Q3,2025,Tuesday,No,Summer,None,2025-08-05,0
2025-08-06,6,8,August,Q3,2025,Wednesday,No,Summer,None,2025-08-06,0
2025-08-07,7,8,August,Q3,2025,Thursday,No,Summer,None,2025-08-07,0
2025-08-08,8,8,August,Q3,2025,Friday,No,Summer,None,2025-08-08,0
2025-08-09,9,8,August,Q3,2025,Saturday,Yes,Summer,None,2025-08-09,0
2025-08-10,10,8,August,Q3,2025,Sunday,Yes,Summer,None,2025-08-10,0
2025-08-11,11,8,August,Q3,2025,Monday,No,Summer,None,2025-08-11,0
2025-08-12,12,8,August,Q3,2025,Tuesday,No,Summer,None,2025-08-12,0
2025-08-13,13,8,August,Q3,2025,Wednesday,No,Summer,None,2025-08-13,0
2025-08-14,14,8,August,Q3,2025,Thursday,No,Summer,None,2025-08-14,0
2025-08-15,15,8,August,Q3,2025,Friday,No,Summer,None,2025-08-15,0
2025-08-16,16,8,August,Q3,2025,Saturday,Yes,Summer,None,2025-08-16,0
2025-08-17,17,8,August,Q3,2025,Sunday,Yes,Summer,None,2025-08-17,0
2025-08-18,18,8,August,Q3,2025,Monday,No,Summer,None,2025-08-18,0
2025-08-19,19,8,August,Q3,2025,Tuesday,No,Summer,None,2025-08-19,0
2025-08-20,20,8,August,Q3,2025,Wednesday,No,Summer,None,2025-08-20,0
2025-08-21,21,8,August,Q3,2025,Thursday,No,Summer,None,2025-08-21,0
2025-08-22,22,8,August,Q3,2025,Friday,No,Summer,None,2025-08-22,0
2025-08-23,23,8,August,Q3,2025,Saturday,Yes,Summer,None,2025-08-23,0
2025-08-24,24,8,August,Q3,2025,Sunday,Yes,Summer,None,2025-08-24,0
2025-08-25,25,8,August,Q3,2025,Monday,No,Summer,None,2025-08-25,0
2025-08-26,26,8,August,Q3,2025,Tuesday,No,Summer,None,2025-08-26,0
2025-08-27,27,8,August,Q3,2025,Wednesday,No,Summer,None,2025-08-27,0
2025-08-28,28,8,August,Q3,2025,Thursday,No,Summer,None,2025-08-28,0
2025-08-29,29,8,August,Q3,2025,Friday,No,Summer,None,2025-08-29,0
2025-08-30,30,8,August,Q3,2025,Saturday,Yes,Summer,None,2025-08-30,0
2025-08-31,31,8,August,Q3,2025,Sunday,Yes,Summer,None,2025-08-31,0
2025-09-01,1,9,September,Q3,2025,Monday,No,Autumn,None,2025-09-01,0
2025-09-02,2,9,September,Q3,2025,Tuesday,No,Autumn,None,2025-09-02,0
2025-09-03,3,9,September,Q3,2025,Wednesday,No,Autumn,None,2025-09-03,0
2025-09-04,4,9,September,Q3,2025,Thursday,No,Autumn,None,2025-09-04,0
2025-09-05,5,9,September,Q3,2025,Friday,No,Autumn,None,2025-09-05,0
2025-09-06,6,9,September,Q3,2025,Saturday,Yes,Autumn,None,2025-09-06,0
2025-09-07,7,9,September,Q3,2025,Sunday,Yes,Autumn,None,2025-09-07,0
2025-09-08,8,9,September,Q3,2025,Monday,No,Autumn,None,2025-09-08,0
2025-09-09,9,9,September,Q3,2025,Tuesday,No,Autumn,None,2025-09-09,0
2025-09-10,10,9,September,Q3,2025,Wednesday,No,Autumn,None,2025-09-10,0
2025-09-11,11,9,September,Q3,2025,Thursday,No,Autumn,None,2025-09-11,0
2025-09-12,12,9,September,Q3,2025,Friday,No,Autumn,None,2025-09-12,0
2025-09-13,13,9,September,Q3,2025,Saturday,Yes,Autumn,None,2025-09-13,0
2025-09-14,14,9,September,Q3,2025,Sunday,Yes,Autumn,None,2025-09-14,0
2025-09-15,15,9,September,Q3,2025,Monday,No,Autumn,None,2025-09-15,0
2025-09-16,16,9,September,Q3,2025,Tuesday,No,Autumn,None,2025-09-16,0
2025-09-17,17,9,September,Q3,2025,Wednesday,No,Autumn,None,2025-09-17,0
2025-09-18,18,9,September,Q3,2025,Thursday,No,Autumn,None,2025-09-18,0
2025-09-19,19,9,September,Q3,2025,Friday,No,Autumn,None,2025-09-19,0
2025-09-20,20,9,September,Q3,2025,Saturday,Yes,Autumn,None,2025-09-20,0
2025-09-21,21,9,September,Q3,2025,Sunday,Yes,Autumn,None,2025-09-21,0
2025-09-22,22,9,September,Q3,2025,Monday,No,Autumn,None,2025-09-22,0
2025-09-23,23,9,September,Q3,2025,Tuesday,No,Autumn,None,2025-09-23,0
2025-09-24,24,9,September,Q3,2025,Wednesday,No,Autumn,None,2025-09-24,0
2025-09-25,25,9,September,Q3,2025,Thursday,No,Autumn,None,2025-09-25,0
2025-09-26,26,9,September,Q3,2025,Friday,No,Autumn,None,2025-09-26,0
2025-09-27,27,9,September,Q3,2025,Saturday,Yes,Autumn,None,2025-09-27,0
2025-09-28,28,9,September,Q3,2025,Sunday,Yes,Autumn,None,2025-09-28,0
2025-09-29,29,9,September,Q3,2025,Monday,No,Autumn,None,2025-09-29,0
2025-09-30,30,9,September,Q3,2025,Tuesday,No,Autumn,None,2025-09-30,0
2025-10-01,1,10,October,Q4,2025,Wednesday,No,Autumn,None,2025-10-01,0
2025-10-02,2,10,October,Q4,2025,Thursday,No,Autumn,None,2025-10-02,0
2025-10-03,3,10,October,Q4,2025,Friday,No,Autumn,None,2025-10-03,0
2025-10-04,4,10,October,Q4,2025,Saturday,Yes,Autumn,None,2025-10-04,0
2025-10-05,5,10,October,Q4,2025,Sunday,Yes,Autumn,None,2025-10-05,0
2025-10-06,6,10,October,Q4,2025,Monday,No,Autumn,None,2025-10-06,0
2025-10-07,7,10,October,Q4,2025,Tuesday,No,Autumn,None,2025-10-07,0
2025-10-08,8,10,October,Q4,2025,Wednesday,No,Autumn,None,2025-10-08,0
2025-10-09,9,10,October,Q4,2025,Thursday,No,Autumn,None,2025-10-09,0
2025-10-10,10,10,October,Q4,2025,Friday,No,Autumn,None,2025-10-10,0
2025-10-11,11,10,October,Q4,2025,Saturday,Yes,Autumn,None,2025-10-11,0
2025-10-12,12,10,October,Q4,2025,Sunday,Yes,Autumn,None,2025-10-12,0
2025-10-13,13,10,October,Q4,2025,Monday,No,Autumn,None,2025-10-13,0
2025-10-14,14,10,October,Q4,2025,Tuesday,No,Autumn,None,2025-10-14,0
2025-10-15,15,10,October,Q4,2025,Wednesday,No,Autumn,None,2025-10-15,0
2025-10-16,16,10,October,Q4,2025,Thursday,No,Autumn,None,2025-10-16,0
2025-10-17,17,10,October,Q4,2025,Friday,No,Autumn,None,2025-10-17,0
2025-10-18,18,10,October,Q4,2025,Saturday,Yes,Autumn,None,2025-10-18,0
2025-10-19,19,10,October,Q4,2025,Sunday,Yes,Autumn,None,2025-10-19,0
2025-10-20,20,10,October,Q4,2025,Monday,No,Autumn,None,2025-10-20,0
2025-10-21,21,10,October,Q4,2025,Tuesday,No,Autumn,None,2025-10-21,0
2025-10-22,22,10,October,Q4,2025,Wednesday,No,Autumn,None,2025-10-22,0
2025-10-23,23,10,October,Q4,2025,Thursday,No,Autumn,None,2025-10-23,0
2025-10-24,24,10,October,Q4,2025,Friday,No,Autumn,None,2025-10-24,0
2025-10-25,25,10,October,Q4,2025,Saturday,Yes,Autumn,None,2025-10-25,0
2025-10-26,26,10,October,Q4,2025,Sunday,Yes,Autumn,None,2025-10-26,0
2025-10-27,27,10,October,Q4,2025,Monday,No,Autumn,None,2025-10-27,0
2025-10-28,28,10,October,Q4,2025,Tuesday,No,Autumn,None,2025-10-28,0
2025-10-29,29,10,October,Q4,2025,Wednesday,No,Autumn,None,2025-10-29,0
2025-10-30,30,10,October,Q4,2025,Thursday,No,Autumn,None,2025-10-30,0
2025-10-31,31,10,October,Q4,2025,Friday,No,Autumn,Halloween,2025-10-31,1
2025-11-01,1,11,November,Q4,2025,Saturday,Yes,Autumn,None,2025-11-01,0
2025-11-02,2,11,November,Q4,2025,Sunday,Yes,Autumn,None,2025-11-02,0
2025-11-03,3,11,November,Q4,2025,Monday,No,Autumn,None,2025-11-03,0
2025-11-04,4,11,November,Q4,2025,Tuesday,No,Autumn,None,2025-11-04,0
2025-11-05,5,11,November,Q4,2025,Wednesday,No,Autumn,None,2025-11-05,0
2025-11-06,6,11,November,Q4,2025,Thursday,No,Autumn,None,2025-11-06,0
2025-11-07,7,11,November,Q4,2025,Friday,No,Autumn,None,2025-11-07,0
2025-11-08,8,11,November,Q4,2025,Saturday,Yes,Autumn,None,2025-11-08,0
2025-11-09,9,11,November,Q4,2025,Sunday,Yes,Autumn,None,2025-11-09,0
2025-11-10,10,11,November,Q4,2025,Monday,No,Autumn,None,2025-11-10,0
2025-11-11,11,11,November,Q4,2025,Tuesday,No,Autumn,None,2025-11-11,0
2025-11-12,12,11,November,Q4,2025,Wednesday,No,Autumn,None,2025-11-12,0
2025-11-13,13,11,November,Q4,2025,Thursday,No,Autumn,None,2025-11-13,0
2025-11-14,14,11,November,Q4,2025,Friday,No,Autumn,None,2025-11-14,0
2025-11-15,15,11,November,Q4,2025,Saturday,Yes,Autumn,None,2025-11-15,0
2025-11-16,16,11,November,Q4,2025,Sunday,Yes,Autumn,None,2025-11-16,0
2025-11-17,17,11,November,Q4,2025,Monday,No,Autumn,None,2025-11-17,0
2025-11-18,18,11,November,Q4,2025,Tuesday,No,Autumn,None,2025-11-18,0
2025-11-19,19,11,November,Q4,2025,Wednesday,No,Autumn,None,2025-11-19,0
2025-11-20,20,11,November,Q4,2025,Thursday,No,Autumn,None,2025-11-20,0
2025-11-21,21,11,November,Q4,2025,Friday,No,Autumn,None,2025-11-21,0
2025-11-22,22,11,November,Q4,2025,Saturday,Yes,Autumn,None,2025-11-22,0
2025-11-23,23,11,November,Q4,2025,Sunday,Yes,Autumn,None,2025-11-23,0
2025-11-24,24,11,November,Q4,2025,Monday,No,Autumn,None,2025-11-24,0
2025-11-25,25,11,November,Q4,2025,Tuesday,No,Autumn,None,2025-11-25,0
2025-11-26,26,11,November,Q4,2025,Wednesday,No,Autumn,None,2025-11-26,0
2025-11-27,27,11,November,Q4,2025,Thursday,No,Autumn,Thanksgiving,2025-11-27,1
2025-11-28,28,11,November,Q4,2025,Friday,No,Autumn,None,2025-11-28,0
2025-11-29,29,11,November,Q4,2025,Saturday,Yes,Autumn,None,2025-11-29,0
2025-11-30,30,11,November,Q4,2025,Sunday,Yes,Autumn,None,2025-11-30,0
2025-12-01,1,12,December,Q4,2025,Monday,No,Winter,None,2025-12-01,0
2025-12-02,2,12,December,Q4,2025,Tuesday,No,Winter,None,2025-12-02,0
2025-12-03,3,12,December,Q4,2025,Wednesday,No,Winter,None,2025-12-03,0
2025-12-04,4,12,December,Q4,2025,Thursday,No,Winter,None,2025-12-04,0
2025-12-05,5,12,December,Q4,2025,Friday,No,Winter,None,2025-12-05,0
2025-12-06,6,12,December,Q4,2025,Saturday,Yes,Winter,None,2025-12-06,0
2025-12-07,7,12,December,Q4,2025,Sunday,Yes,Winter,None,2025-12-07,0
2025-12-08,8,12,December,Q4,2025,Monday,No,Winter,None,2025-12-08,0
2025-12-09,9,12,December,Q4,2025,Tuesday,No,Winter,None,2025-12-09,0
2025-12-10,10,12,December,Q4,2025,Wednesday,No,Winter,None,2025-12-10,0
2025-12-11,11,12,December,Q4,2025,Thursday,No,Winter,None,2025-12-11,0
2025-12-12,12,12,December,Q4,2025,Friday,No,Winter,None,2025-12-12,0
2025-12-13,13,12,December,Q4,2025,Saturday,Yes,Winter,None,2025-12-13,0
2025-12-14,14,12,December,Q4,2025,Sunday,Yes,Winter,None,2025-12-14,0
2025-12-15,15,12,December,Q4,2025,Monday,No,Winter,None,2025-12-15,0
2025-12-16,16,12,December,Q4,2025,Tuesday,No,Winter,None,2025-12-16,0
2025-12-17,17,12,December,Q4,2025,Wednesday,No,Winter,None,2025-12-17,0
2025-12-18,18,12,December,Q4,2025,Thursday,No,Winter,None,2025-12-18,0
2025-12-19,19,12,December,Q4,2025,Friday,No,Winter,None,2025-12-19,0
2025-12-20,20,12,December,Q4,2025,Saturday,Yes,Winter,None,2025-12-20,0
2025-12-21,21,12,December,Q4,2025,Sunday,Yes,Winter,None,2025-12-21,0
2025-12-22,22,12,December,Q4,2025,Monday,No,Winter,None,2025-12-22,0
2025-12-23,23,12,December,Q4,2025,Tuesday,No,Winter,None,2025-12-23,0
2025-12-24,24,12,December,Q4,2025,Wednesday,No,Winter,Christmas Eve,2025-12-24,1
2025-12-25,25,12,December,Q4,2025,Thursday,No,Winter,Christmas Day,2025-12-25,1
2025-12-26,26,12,December,Q4,2025,Friday,No,Winter,None,2025-12-26,0
2025-12-27,27,12,December,Q4,2025,Saturday,Yes,Winter,None,2025-12-27,0
2025-12-28,28,12,December,Q4,2025,Sunday,Yes,Winter,None,2025-12-28,0
2025-12-29,29,12,December,Q4,2025,Monday,No,Winter,None,2025-12-29,0
2025-12-30,30,12,December,Q4,2025,Tuesday,No,Winter,None,2025-12-30,0
2025-12-31,31,12,December,Q4,2025,Wednesday,No,Winter,New Year's Eve,2025-12-31,1
